entry_time,exit_time,pnl_pct,reason
2026-09-13 02:30:00,2026-09-13 08:15:00,-1.6596004817957863,invalidacion_vwap
2026-09-13 14:30:00,2026-09-13 22:30:00,-1.0237395791980928,timeout
2026-09-16 09:00:00,2026-09-16 17:00:00,-0.07644151565075133,timeout
2026-09-16 18:00:00,2026-09-17 02:00:00,1.0672457843638317,timeout
2026-09-17 04:30:00,2026-09-17 12:30:00,1.1768844221105574,timeout
2026-09-17 13:45:00,2026-09-17 21:45:00,0.18709677419354892,timeout
2026-09-20 15:45:00,2026-09-20 22:45:00,1.800000000000001,target
2026-09-21 06:15:00,2026-09-21 08:30:00,1.7999999999999976,target
2026-09-22 08:30:00,2026-09-22 16:30:00,-0.2511814381984153,timeout
